{
    "edges": [{
            "source": "ja",
            "target": "jb"
        },
        {
            "source": "jb",
            "target": "jc"
        },
        {
            "source": "jc",
            "target": "jd"
        }
    ],
    "nodes": [{
            "cluster": 1,
            "id": "ja",
            "name": "Swinburne",
            "node_type": "University",
            "root": true
        },
        {
            "cluster": 2,
            "id": "jb",
            "name": "Marketing",
            "node_type": "Department",
            "root": true
        },
        {
            "cluster": 3,
            "id": "jc",
            "name": "mlm",
            "node_type": "Project",
            "root": true
        },
        {
            "cluster": 4,
            "id": "jd",
            "name": "Jennifer",
            "node_type": "Employee",
            "root": true
        }
    ]
}